,Player Name,Twitter ID,Instagram ID,Player Position,Shoots,Born,Country,NBA Debut,Experience
1,Saddiq Bey, SaddiqBey , saddiq.bey, Small Forward , Right," April 9, 1999 ",Loading!," December 26, 2020", 2 years
2,Bogdan Bogdanović, LeaderOfHorde , bogdanbogdanovic, Shooting Guard , Right," August 18, 1992 ",Loading!," October 23, 2017", 5 years
3,Clint Capela, CapelaClint , ccapela15, Center , Right," May 18, 1994 ",Loading!," November 6, 2014", 8 years
4,John Collins, jcollins20_ , jcollins20_, Power Forward , Right," September 23, 1997 ",Loading!," October 18, 2017", 5 years
5,Bruno Fernando, BrunoFernandoMV , the_angolan_bf, Center , Right," August 15, 1998 ",Loading!," October 24, 2019", 3 years
6,Trent Forrest, TForrest_11 , trentforrest, Point Guard , Right," June 12, 1998 ",Loading!," January 5, 2021", 2 years
7,AJ Griffin, whoisAG21 , adrian.griffinjr, Small Forward , Right," August 25, 2003 ",Loading!," October 23, 2022", Rookie
8,Aaron Holiday, The_4th_Holiday , the_4th_holiday, Point Guard , Right," September 30, 1996 ",Loading!," October 17, 2018", 4 years
9,De'Andre Hunter, DreHunter , drehunter, Small Forward , Right," December 2, 1997 ",Loading!," October 24, 2019", 3 years
10,Jalen Johnson, Jalen_J23 , jalenjohnson, Small Forward and Power Forward , Right," December 18, 2001 ",Loading!," October 21, 2021", 1 year
11,Vit Krejci, v_krejci , vitaa_krejci, Point Guard and Shooting Guard , Right," June 19, 2000 ",Loading!," October 20, 2021", 1 year
12,Tyrese Martin, resemartin4 , rese.martin, Shooting Guard , Right," March 7, 1999 ",Loading!," October 23, 2022", Rookie
13,Garrison Mathews, gmathews_24 , garrison_mathews24, Shooting Guard , Right," October 24, 1996 ",Loading!," October 23, 2019", 3 years
14,Dejounte Murray, DejounteMurray , dejountemurray, Point Guard and Shooting Guard , Right," September 19, 1996 ",Loading!," October 29, 2016", 5 years
15,Onyeka Okongwu, BigO21_ , big0, Center , Right," December 11, 2000 ",Loading!," January 15, 2021", 2 years
16,Donovan Williams, STGDwill , stg_stretch, Shooting Guard , Right," September 6, 2001 ",Loading!," April 4, 2023", Rookie
17,Trae Young, TheTraeYoung , traeyoung, Point Guard , Right," September 19, 1998 ",Loading!," October 17, 2018", 4 years
18,Malcolm Brogdon, MalcolmBrogdon7 , malcolmbrogdon, Point Guard and Shooting Guard , Right," December 11, 1992 ",Loading!," October 26, 2016", 6 years
19,Jaylen Brown, FCHWPO , fchwpo, Shooting Guard and Small Forward , Right," October 24, 1996 ",Loading!," October 26, 2016", 6 years
20,Justin Champagnie, JusChampagnie , jchampagnie, Small Forward , Right," June 29, 2001 ",Loading!," October 22, 2021", 1 year
21,JD Davison, jddavison10 , jdavison02, Point Guard , Right," October 3, 2002 ",Loading!," November 11, 2022", Rookie
22,Danilo Gallinari, gallinari8888 , danilogallogallinari," Small Forward, Power Forward, and Shooting Guard ", Right," August 8, 1988 ",Loading!," October 29, 2008", 13 years
23,Blake Griffin, blakegriffin23 , blakegriffin23, Power Forward and Center , Right," March 16, 1989 ",Loading!," October 27, 2010", 12 years
24,Sam Hauser, Big_Smooth10 , sam.hauser_, Power Forward and Small Forward , Right," December 8, 1997 ",Loading!," November 20, 2021", 1 year
25,Al Horford, Al_Horford , alhorford, Center , Right," June 3, 1986 ",Loading!," November 2, 2007", 15 years
26,Mfiondu Kabengele, Mfiondu , mfiondu, Power Forward and Center , Right," August 14, 1997 ",Loading!," October 24, 2019", 2 years
27,Luke Kornet,N/A,N/A, Center and Power Forward , Right," July 15, 1995 ",Loading!," February 8, 2018", 5 years
28,Mike Muscala,N/A,N/A, Center and Power Forward , Right," July 1, 1991 ",Loading!," March 2, 2014", 9 years
29,Payton Pritchard, paytonpritch3 , paytonpritch3, Point Guard and Shooting Guard , Right," January 28, 1998 ",Loading!," December 23, 2020", 2 years
30,Marcus Smart, smart_MS3 , youngamechanger, Point Guard and Shooting Guard , Right," March 6, 1994 ",Loading!," October 29, 2014", 8 years
31,Jayson Tatum, jaytatum0 , jaytatum0, Small Forward and Power Forward , Right," March 3, 1998 ",Loading!," October 17, 2017", 5 years
32,Derrick White, Dwhite921 , dwhite921, Shooting Guard and Point Guard , Right," July 2, 1994 ",Loading!," October 18, 2017", 5 years
33,Grant Williams, Grant2Will , grantwill2, Power Forward , Right," November 30, 1998 ",Loading!," October 23, 2019", 3 years
34,Robert Williams, rob_williamsIII , williams.lll, Center , Right," October 17, 1997 ",Loading!," October 22, 2018", 4 years
35,Mikal Bridges, mikal_bridges , mikalbridges, Small Forward , Right," August 30, 1996 ",Loading!," October 17, 2018", 4 years
36,Nic Claxton, _claxton33 , nicolasclaxton, Center , Left," April 17, 1999 ",Loading!," November 8, 2019", 3 years
37,Seth Curry, sdotcurry , sdotcurry, Shooting Guard and Point Guard , Right," August 23, 1990 ",Loading!," January 5, 2014", 8 years
38,Spencer Dinwiddie, SDinwiddie_25 , spencerdinwiddie, Point Guard and Shooting Guard , Right," April 6, 1993 ",Loading!," October 29, 2014", 8 years
39,David Duke Jr., daviddukejr , daviddukejr, Shooting Guard and Point Guard , Right," October 13, 1999 ",Loading!," December 8, 2021", 1 year
40,Dorian Finney-Smith, doefinney_10 , doedoe_10, Power Forward and Small Forward , Right," May 4, 1993 ",Loading!," October 26, 2016", 6 years
41,RaiQuan Gray, Tgray4 , raiquangray, Power Forward , Right," July 7, 1999 ",Loading!," April 9, 2023", Rookie
42,Joe Harris,N/A, joeharris__12, Shooting Guard and Small Forward , Right," September 6, 1991 ",Loading!," October 31, 2014", 8 years
43,Cameron Johnson,N/A, camjohnson23, Power Forward , Right," March 3, 1996 ",Loading!," October 26, 2019", 3 years
44,Patty Mills, Patty_Mills , balapat, Point Guard and Shooting Guard , Right," August 11, 1988 ",Loading!," January 4, 2010", 13 years
45,Royce O'Neale, BucketsONeale00 , rolls_royce00, Small Forward , Right," June 5, 1993 ",Loading!," October 21, 2017", 5 years
46,Day'Ron Sharpe, dayron_sharpe , d.sharpe23, Center and Power Forward , Right," November 6, 2001 ",Loading!," October 24, 2021", 1 year
47,Ben Simmons, BenSimmons25 , bensimmons, Point Guard , Left," July 20, 1996 ",Loading!," October 18, 2017", 4 years
48,Dru Smith, dru_smith_12 , dru_smith, Shooting Guard , Right," December 30, 1997 ",Loading!," October 26, 2022", Rookie
49,Edmond Sumner, EdmondSumner , edmondsumner, Shooting Guard and Point Guard , Right," December 31, 1995 ",Loading!," April 10, 2018", 4 years
50,Cam Thomas, 24_camthomas , cam.__thomas, Shooting Guard , Right," October 13, 2001 ",Loading!," October 19, 2021", 1 year
51,Yuta Watanabe, wacchi1013 , yutawatanabe12, Small Forward , Left," October 13, 1994 ",Loading!," October 27, 2018", 4 years
52,Lonzo Ball, ZO2_ , zo, Point Guard , Right," October 27, 1997 ",Loading!," October 19, 2017", 5 years
53,Patrick Beverley, patbev21 , patbev21, Point Guard and Shooting Guard , Right," July 12, 1988 ",Loading!," January 15, 2013", 10 years
54,Alex Caruso, ACFresh21 , acfresh21, Point Guard and Shooting Guard , Right," February 28, 1994 ",Loading!," October 19, 2017", 5 years
55,DeMar DeRozan, DeMar_DeRozan , demar_derozan," Shooting Guard, Power Forward, and Small Forward ", Right," August 7, 1989 ",Loading!," October 28, 2009", 13 years
56,Ayo Dosunmu, AyoDos_11 , ayodos_11, Shooting Guard , Right," January 17, 2000 ",Loading!," October 20, 2021", 1 year
57,Andre Drummond, AndreDrummond , andredrummondd, Center , Right," August 10, 1993 ",Loading!," October 31, 2012", 10 years
58,Javonte Green, 2Xtremebounce , savagewoo2, Shooting Guard and Small Forward , Right," July 23, 1993 ",Loading!," October 25, 2019", 3 years
59,Carlik Jones, carlikjones , carlikjones, Point Guard , Right," December 23, 1997 ",Loading!," December 23, 2021", 1 year
60,Derrick Jones Jr., TheRea1DJones , therea1djones, Small Forward and Power Forward , Left," February 15, 1997 ",Loading!," November 19, 2016", 6 years
61,Zach LaVine, ZachLaVine , zachlavine8," Shooting Guard, Small Forward, and Point Guard ", Right," March 10, 1995 ",Loading!," October 30, 2014", 8 years
62,Justin Lewis, jusbuckets_5 , jusbuckets, Power Forward , Right," April 12, 2002 ",Loading!,N/A, Rookie
63,Marko Simonovic, simke12 , simke_12, Center , Right," October 15, 1999 ",Loading!," November 22, 2021", 1 year
64,Terry Taylor, TerryTaylor21 , tt.21, Power Forward , Left," September 23, 1999 ",Loading!," January 5, 2022", 1 year
65,Dalen Terry, DalenTerry , dalenn, Shooting Guard , Right," July 12, 2002 ",Loading!," October 22, 2022", Rookie
66,Nikola Vučević, NikolaVucevic , nikola9vucevic, Center , Right," October 24, 1990 ",Loading!," December 28, 2011", 11 years
67,Coby White, CobyWhite , cobywhite, Point Guard and Shooting Guard , Right," February 16, 2000 ",Loading!," October 23, 2019", 3 years
68,Patrick Williams, patricklw4 , patwilliams, Power Forward , Right," August 26, 2001 ",Loading!," December 23, 2020", 2 years
69,LaMelo Ball, MELOD1P , melo, Point Guard , Right," August 22, 2001 ",Loading!," December 23, 2020", 2 years
70,James Bouknight, jam3s210 , james.bouknight, Shooting Guard , Right," September 18, 2000 ",Loading!," October 22, 2021", 1 year
71,Gordon Hayward, gordonhayward , gordonhayward, Small Forward and Power Forward , Right," March 23, 1990 ",Loading!," October 27, 2010", 12 years
72,Kai Jones, 242_jones , kaijones242, Center , Right," January 19, 2001 ",Loading!," October 22, 2021", 1 year
73,Théo Maledon,N/A, theomaledon, Point Guard , Right," June 12, 2001 ",Loading!," December 26, 2020", 2 years
74,Cody Martin, cody_martin15 , cody_martin15, Small Forward , Right," September 28, 1995 ",Loading!," October 25, 2019", 3 years
75,Bryce McGowens, BryceMcgowens5 , bryce.mcgowens, Shooting Guard , Right," November 8, 2002 ",Loading!," October 19, 2022", Rookie
76,Svi Mykhailiuk, Sviat_10 , Sviat_10, Small Forward and Shooting Guard , Right," June 10, 1997 ",Loading!," October 22, 2018", 4 years
77,Kelly Oubre Jr., KELLYOUBREJR , kellyoubrejr, Small Forward , Left," December 9, 1995 ",Loading!," October 30, 2015", 7 years
78,Nick Richards, iamnickrichards , nickrichards_, Center and Power Forward , Right," November 29, 1997 ",Loading!," December 30, 2020", 2 years
79,Terry Rozier, T_Rozzay3,N/A, Point Guard and Shooting Guard , Right," March 17, 1994 ",Loading!," October 28, 2015", 7 years
80,Kobi Simmons, JordanKobi , kobi_simmons2, Point Guard , Right," July 4, 1997 ",Loading!," November 29, 2017", 2 years
81,Dennis Smith Jr., Dennis1SmithJr , desmith4, Point Guard , Right," November 25, 1997 ",Loading!," October 18, 2017", 5 years
82,Xavier Sneed, Luh_Sneed , xaviersneed20, Small Forward , Right," December 21, 1997 ",Loading!," December 31, 2021", 1 year
83,JT Thor, thorrjt , jt.bandz, Power Forward , Left," August 26, 2002 ",Loading!," October 22, 2021", 1 year
84,P.J. Washington, PJWashington , pj_washington, Power Forward and Center , Right," August 23, 1998 ",Loading!," October 23, 2019", 3 years
85,Mark Williams, MarkWi1liams , markwilliams, Center , Right," December 16, 2001 ",Loading!," October 19, 2022", Rookie
86,Jarrett Allen, _bigjayy_ , _bigjayy_, Center , Right," April 21, 1998 ",Loading!," October 20, 2017", 5 years
87,Mamadi Diakite, _mdiakite , _mdiakite25, Power Forward , Right," January 21, 1997 ",Loading!," March 11, 2021", 2 years
88,Darius Garland, dariusgarland22 , darius_garland, Point Guard and Shooting Guard , Right," January 26, 2000 ",Loading!," October 23, 2019", 3 years
89,Danny Green, DGreen_14 , greenranger14, Shooting Guard and Small Forward , Right," June 22, 1987 ",Loading!," November 12, 2009", 13 years
90,Caris LeVert, CarisLeVert , carislevert, Shooting Guard and Small Forward , Right," August 25, 1994 ",Loading!," December 7, 2016", 6 years
91,Robin Lopez, rolopez42 , gustogummi88, Center , Right," April 1, 1988 ",Loading!," October 29, 2008", 14 years
92,Sam Merrill, smerrill05 , smerrill05, Shooting Guard , Right," May 15, 1996 ",Loading!," December 23, 2020", 2 years
93,Donovan Mitchell, spidadmitchell , spidadmitchell, Shooting Guard and Point Guard , Right," September 7, 1996 ",Loading!," October 18, 2017", 5 years
94,Evan Mobley, evanmobley , evanmobley4, Power Forward , Right," June 18, 2001 ",Loading!," October 20, 2021", 1 year
95,Isaiah Mobley, MobleyIsaiah , isaiahmobley, Power Forward , Right," September 24, 1999 ",Loading!," October 22, 2022", Rookie
96,Raul Neto, RaulTogni , raulneto08, Point Guard , Right," May 19, 1992 ",Loading!," October 28, 2015", 7 years
97,Isaac Okoro, isaacokoro303 , isaacokoro, Small Forward and Shooting Guard , Right," January 26, 2001 ",Loading!," December 23, 2020", 2 years
98,Cedi Osman, cediosman , cediosman, Small Forward , Right," April 8, 1995 ",Loading!," October 20, 2017", 5 years
99,Ricky Rubio, rickyrubio9 , ruuufio, Point Guard , Right," October 21, 1990 ",Loading!," December 26, 2011", 11 years
100,Lamar Stevens, LamarStevens11 , marstevens11, Power Forward , Right," July 9, 1997 ",Loading!," December 27, 2020", 2 years
101,Dean Wade, deanwade3232 , deanwade32, Power Forward , Right," November 20, 1996 ",Loading!," November 18, 2019", 3 years
102,Dylan Windler, Dylan_Windler23 , d_win23, Small Forward , Left," September 22, 1996 ",Loading!," December 23, 2020", 2 years
103,Dāvis Bertāns, DBertans_42 , dbertans_42, Power Forward , Right," November 12, 1992 ",Loading!," October 25, 2016", 6 years
104,Reggie Bullock, ReggieBullock35 , y0bull, Small Forward and Shooting Guard , Right," March 16, 1991 ",Loading!," October 29, 2013", 9 years
105,Luka Dončić, luka7doncic , lukadoncic, Point Guard and Shooting Guard , Right," February 28, 1999 ",Loading!," October 17, 2018", 4 years
106,Josh Green, JoshBGreen , joshgreen, Shooting Guard , Right," November 16, 2000 ",Loading!," December 23, 2020", 2 years
107,Tim Hardaway Jr., T_HardJR , timmyjr10, Shooting Guard , Right," March 16, 1992 ",Loading!," October 30, 2013", 9 years
108,Jaden Hardy, JadenHardy1 , jhardy, Shooting Guard , Right," July 5, 2002 ",Loading!," October 22, 2022", Rookie
109,Justin Holiday, JustHolla7 , justholla7, Shooting Guard and Small Forward , Right," April 5, 1989 ",Loading!," April 3, 2013", 9 years
110,Kyrie Irving, KyrieIrving , kyrieirving, Point Guard , Right," March 23, 1992 ",Loading!," December 26, 2011", 11 years
111,Maxi Kleber, MaxiKleber , maximilian.kleber, Power Forward and Center , Right," January 29, 1992 ",Loading!," October 21, 2017", 5 years
112,A.J. Lawson, ItsAJLawson , ajlawson, Shooting Guard , Right," July 15, 2000 ",Loading!," November 16, 2022", Rookie
113,JaVale McGee, JaValeMcGee , javalemcgee, Center , Right," January 19, 1988 ",Loading!," October 29, 2008", 14 years
114,Markieff Morris, Keefmorris , keefmorris5.0, Power Forward , Right," September 2, 1989 ",Loading!," December 26, 2011", 11 years
115,Frank Ntilikina, FrankLikina , frank_ntilikina, Point Guard and Shooting Guard , Right," July 28, 1998 ",Loading!," October 19, 2017", 5 years
116,Theo Pinson, tpinsonn , tpinsonn, Shooting Guard and Small Forward , Right," November 5, 1995 ",Loading!," October 20, 2018", 4 years
117,Dwight Powell, DwightPowell33 , dwightpowell, Center and Power Forward , Right," July 20, 1991 ",Loading!," November 14, 2014", 8 years
118,Christian Wood, Chriswood_5 , chriswood_5, Power Forward and Center , Right," September 27, 1995 ",Loading!," October 28, 2015", 6 years
119,McKinley Wright IV, kin_wright25 , showtime_kin25, Point Guard , Right," October 25, 1998 ",Loading!," October 20, 2021", 1 year
120,Christian Braun, Ballin25Braun , christianxbraun, Shooting Guard , Right," April 17, 2001 ",Loading!," October 19, 2022", Rookie
121,Bruce Brown, BruceBrown11 , brucebrown11," Point Guard, Shooting Guard, and Small Forward ", Right," August 15, 1996 ",Loading!," October 17, 2018", 4 years
122,Thomas Bryant, nolimittb31 , nolimittb, Center , Right," July 31, 1997 ",Loading!," December 23, 2017", 5 years
123,Kentavious Caldwell-Pope, CaldwellPope , caldwellpope, Shooting Guard , Right," February 18, 1993 ",Loading!," October 30, 2013", 9 years
124,Vlatko Čančar, CancarVlatko , cancar31, Power Forward , Right," April 10, 1997 ",Loading!," October 31, 2019", 3 years
125,Collin Gillespie, Colling1021 , collin105, Point Guard , Right," June 25, 1999 ",Loading!,N/A, Rookie
126,Aaron Gordon, Double0AG , aarongordon, Power Forward and Small Forward , Right," September 16, 1995 ",Loading!," October 28, 2014", 8 years
127,Jeff Green, unclejeffgreen , unclejeffgreen," Power Forward, Small Forward, and Center ", Right," August 28, 1986 ",Loading!," October 31, 2007", 14 years
128,Reggie Jackson, Reggie_Jackson , reggie_jackson, Point Guard and Shooting Guard , Right," April 16, 1990 ",Loading!," December 31, 2011", 11 years
129,Nikola Jokić, JokicNikola15 , nikolajokicofficial, Center , Right," February 19, 1995 ",Loading!," October 28, 2015", 7 years
130,DeAndre Jordan, DeAndre , deandre, Center , Left," July 21, 1988 ",Loading!," November 1, 2008", 14 years
131,Jamal Murray, BeMore27 , bemore27, Point Guard and Shooting Guard , Right," February 23, 1997 ",Loading!," October 26, 2016", 5 years
132,Zeke Nnaji, ZekeNnaji_Hoopz , zekennaji, Power Forward , Right," January 9, 2001 ",Loading!," December 28, 2020", 2 years
133,Michael Porter Jr., MPJr , mpj, Small Forward , Right," June 29, 1998 ",Loading!," October 31, 2019", 3 years
134,Ish Smith, IshSmith , ishsmith5, Point Guard , Right," July 5, 1988 ",Loading!," October 26, 2010", 12 years
135,Peyton Watson, peytonwatson_ , peytonwatson, Shooting Guard , Right," September 11, 2002 ",Loading!," October 19, 2022", Rookie
136,Jack White, 5jackwhite , jackwhite5, Small Forward , Right," August 5, 1997 ",Loading!," October 26, 2022", Rookie
137,Marvin Bagley III, MB3FIVE , mb3five, Power Forward and Center , Left," March 14, 1999 ",Loading!," October 17, 2018", 4 years
138,Buddy Boeheim, Buddy_Boeheim35 , buddy_boeheim, Point Guard , Right," November 11, 1999 ",Loading!," October 21, 2022", Rookie
139,Bojan Bogdanović, 44Bojan , 44bojan, Small Forward and Power Forward , Right," April 18, 1989 ",Loading!," October 29, 2014", 8 years
140,Alec Burks, AlecBurks10 , alecburks13, Shooting Guard and Small Forward , Right," July 20, 1991 ",Loading!," December 27, 2011", 11 years
141,Cade Cunningham, CadeCunningham_ , cadecunn1ngham, Point Guard and Shooting Guard , Right," September 25, 2001 ",Loading!," October 30, 2021", 1 year
142,Hamidou Diallo, hamidoudiallo , hami.diallo, Shooting Guard and Small Forward , Right," July 31, 1998 ",Loading!," October 16, 2018", 4 years
143,Jalen Duren, JalenDuren , jalen duren, Center , Right," November 18, 2003 ",Loading!," October 19, 2022", Rookie
144,R.J. Hampton, RjHampton14 , rjhampton14, Point Guard and Shooting Guard , Right," February 7, 2001 ",Loading!," December 28, 2020", 2 years
145,Killian Hayes, iam_killian , iam_killian, Point Guard , Left," July 27, 2001 ",Loading!," December 23, 2020", 2 years
146,Jaden Ivey, IveyJaden , poisonivey, Shooting Guard , Right," February 13, 2002 ",Loading!," October 19, 2022", Rookie
147,Cory Joseph, Cory_Joe , coryjoseph, Point Guard and Shooting Guard , Right," August 20, 1991 ",Loading!," December 26, 2011", 11 years
148,Isaiah Livers, isaiah__02 , isaiah_livers, Power Forward and Small Forward , Right," July 28, 1998 ",Loading!," December 16, 2021", 1 year
149,Rodney McGruder, RodneyMcGruder , rodneymcgruder, Shooting Guard , Right," July 29, 1991 ",Loading!," October 26, 2016", 6 years
150,Eugene Omoruyi,N/A, br0kebabystunna, Small Forward , Right," February 14, 1997 ",Loading!," October 29, 2021", 1 year
151,Jared Rhoden, ihoop_jaay , fortunejaay, Shooting Guard , Right," August 27, 1999 ",Loading!," January 10, 2023", Rookie
152,Isaiah Stewart, Dreamville_33 , the.isaiahstewart, Center , Right," May 22, 2001 ",Loading!," December 28, 2020", 2 years
153,James Wiseman, BigTicket_JW , bigticket_j13, Center , Left," March 31, 2001 ",Loading!," December 22, 2020", 1 year
154,Patrick Baldwin Jr., _pbaldwin23 , patrick.baldwin.jr, Small Forward , Right," November 18, 2002 ",Loading!," October 30, 2022", Rookie
155,Stephen Curry, StephenCurry30 , stephencurry30, Point Guard , Right," March 14, 1988 ",Loading!," October 28, 2009", 13 years
156,Donte DiVincenzo, Divincenzo , divincenzo, Shooting Guard , Right," January 31, 1997 ",Loading!," October 17, 2018", 4 years
157,Draymond Green, Money23Green , money23green, Power Forward and Small Forward , Right," March 4, 1990 ",Loading!," October 31, 2012", 10 years
158,JaMychal Green, Jmyke1 , roadtoriches_0, Power Forward , Right," June 21, 1990 ",Loading!," January 18, 2015", 8 years
159,Andre Iguodala, andre , andre, Small Forward and Shooting Guard , Right," January 28, 1984 ",Loading!," November 3, 2004", 18 years
160,Ty Jerome, tyjerome_ , tyjerome_, Shooting Guard , Right," July 8, 1997 ",Loading!," December 2, 2019", 3 years
161,Jonathan Kuminga, JonathanKuming6 , jonathan_kuminga, Power Forward and Small Forward , Right," October 6, 2002 ",Loading!," October 30, 2021", 1 year
162,Anthony Lamb, AnthonyMLamb , anthonylamb3, Small Forward , Right," January 20, 1998 ",Loading!," March 11, 2021", 2 years
163,Kevon Looney, Loon_Rebel5 , looney, Center and Power Forward , Right," February 6, 1996 ",Loading!," January 27, 2016", 7 years
164,Moses Moody, mosesmoody , mosesmoody, Shooting Guard , Right," May 31, 2002 ",Loading!," October 19, 2021", 1 year
165,Gary Payton II, Garydwayne , garydwayne," Point Guard, Shooting Guard, and Small Forward ", Left," December 1, 1992 ",Loading!," April 2, 2017", 6 years
166,Jordan Poole,N/A, jordan_poole, Shooting Guard and Point Guard , Right," June 19, 1999 ",Loading!," October 24, 2019", 3 years
167,Lester Quinones, Effort_les , effort_les, Shooting Guard , Right," November 16, 2000 ",Loading!," March 31, 2023", Rookie
168,Ryan Rollins, _moneyballry , _moneyballry, Point Guard , Right," July 3, 2002 ",Loading!," October 18, 2022", Rookie
169,Klay Thompson, KlayThompson , klaythompson, Shooting Guard , Right," February 8, 1990 ",Loading!," December 25, 2011", 9 years
170,Andrew Wiggins, 22wiggins , 22wiggins, Small Forward and Power Forward , Right," February 23, 1995 ",Loading!," October 29, 2014", 8 years
171,D.J. Augustin, augustinDj14 , djaugustin, Point Guard , Right," November 10, 1987 ",Loading!," October 30, 2008",N/A
172,Willie Cauley-Stein, THEwillieCS15 , pr00fessortrill, Center , Right," August 18, 1993 ",Loading!," October 28, 2015", 7 years
173,Josh Christopher, Jaygup23 , jaygup, Shooting Guard , Right," December 8, 2001 ",Loading!," October 20, 2021", 1 year
174,Darius Days, DariusDays3 , dariusdays__, Power Forward , Right," October 20, 1999 ",Loading!," February 6, 2023", Rookie
175,Tari Eason, TAR13ASON , _eas0n_, Power Forward , Right," May 10, 2001 ",Loading!," October 19, 2022", Rookie
176,Usman Garuba, Usmangaruba , destusman, Power Forward , Right," March 9, 2002 ",Loading!," October 20, 2021", 1 year
177,Jalen Green, JalenGreen , jalen, Shooting Guard , Right," February 9, 2002 ",Loading!," October 20, 2021", 1 year
178,Trevor Hudgins, TrevorHudgins12 , _t_revor, Point Guard , Left," March 23, 1999 ",Loading!," October 22, 2022", Rookie
179,Frank Kaminsky, FSKPart3 , fskpart3, Center and Power Forward , Right," April 4, 1993 ",Loading!," October 28, 2015", 7 years
180,Boban Marjanović, BobanMarjanovic , boban, Center , Right," August 15, 1988 ",Loading!," October 30, 2015", 7 years
181,Kenyon Martin Jr., kj__martin , kenyonmartinjr, Small Forward , Right," January 6, 2001 ",Loading!," January 8, 2021", 2 years
182,Daishen Nix, djfromveg , djdaishen, Point Guard and Shooting Guard , Right," February 13, 2002 ",Loading!," November 29, 2021", 1 year
183,Kevin Porter Jr., Kevinporterjr , kevinporterjr," Point Guard, Shooting Guard, and Small Forward ", Left," May 4, 2000 ",Loading!," October 23, 2019", 3 years
184,Alperen Şengün, alperennsengun , alperen.sengun, Center , Right," July 25, 2002 ",Loading!," October 20, 2021", 1 year
185,Jabari Smith Jr., jabarismithjr , jabarismithjr, Power Forward , Right," May 13, 2003 ",Loading!," October 19, 2022", Rookie
186,Jae'Sean Tate, o_tate_ , o_tate, Small Forward and Power Forward , Left," October 28, 1995 ",Loading!," December 26, 2020", 2 years
187,TyTy Washington Jr., tytywashington3 , tytywashington3, Point Guard , Right," November 15, 2001 ",Loading!," November 14, 2022", Rookie
188,Oshae Brissett, Obrissy , obrissy, Small Forward , Right," June 20, 1998 ",Loading!," November 18, 2019", 3 years
189,Kendall Brown, TheeKbrown , kendalltbrown, Shooting Guard , Right," May 11, 2003 ",Loading!," November 23, 2022", Rookie
190,Chris Duarte, C_Duarte5 , christheoretduarte05, Small Forward and Shooting Guard , Right," June 13, 1997 ",Loading!," October 20, 2021", 1 year
191,Tyrese Haliburton, TyHaliburton22 , tyresehaliburton, Point Guard and Shooting Guard , Right," February 29, 2000 ",Loading!," December 23, 2020", 2 years
192,Buddy Hield, buddyhield , buddylove242, Shooting Guard and Small Forward , Right," December 17, 1992 ",Loading!," October 26, 2016", 6 years
193,George Hill, George_Hill3 , indianageorge3, Point Guard , Right," May 4, 1986 ",Loading!," November 4, 2008", 14 years
194,Isaiah Jackson, IJackson22 , isaiahjackson22, Center , Right," January 10, 2002 ",Loading!," October 23, 2021", 1 year
195,James Johnson, IamJJ16 , james16johnson_," Power Forward, Small Forward, and Center ", Right," February 20, 1987 ",Loading!," October 30, 2009", 13 years
196,Bennedict Mathurin, BennMathurin , bennedict, Small Forward , Right," June 19, 2002 ",Loading!," October 19, 2022", Rookie
197,T.J. McConnell, TJMcConnell , tjmcconnell, Point Guard , Right," March 25, 1992 ",Loading!," October 28, 2015", 7 years
198,Andrew Nembhard, AndrewNembhard , andrew.nembhard, Shooting Guard , Right," January 16, 2000 ",Loading!," October 21, 2022", Rookie
199,Aaron Nesmith, aaronnesmith24 , aaron_nesmith, Small Forward , Right," October 16, 1999 ",Loading!," December 25, 2020", 2 years
200,Jordan Nwora, JordanNwora , jordannwora, Small Forward , Right," September 9, 1998 ",Loading!," December 25, 2020", 2 years
201,Jalen Smith, thejalen_smith , thejalen_smith, Power Forward , Right," March 16, 2000 ",Loading!," December 23, 2020", 2 years
202,Daniel Theis, dtheis10 , dtheis10, Center , Right," April 4, 1992 ",Loading!," October 18, 2017", 5 years
203,Myles Turner, Original_Turner , turner_myles, Center , Right," March 24, 1996 ",Loading!," October 29, 2015", 7 years
204,Gabe York, gabeyork32 , 1gabeyork, Shooting Guard , Right," August 2, 1993 ",Loading!," April 9, 2022", 1 year
205,Nicolas Batum, nicolas88batum , nicbatum88," Small Forward, Power Forward, and Shooting Guard ", Right," December 14, 1988 ",Loading!," October 28, 2008", 14 years
206,Brandon Boston Jr., bboston_ , brandonboston, Shooting Guard , Right," November 28, 2001 ",Loading!," October 25, 2021", 1 year
207,Amir Coffey, coffeyshop_ , coffeyshop, Shooting Guard , Left," June 17, 1997 ",Loading!," December 31, 2019", 3 years
208,Robert Covington, Holla_At_Rob33 , atf_33," Small Forward, Power Forward, and Center ", Right," December 14, 1990 ",Loading!," January 18, 2014", 9 years
209,Moussa Diabaté, M0ussaDiabate , m0ussadiabate, Power Forward , Right," January 21, 2002 ",Loading!," October 27, 2022", Rookie
210,Paul George, Yg_Trece , ygtrece," Small Forward, Shooting Guard, and Power Forward ", Right," May 2, 1990 ",Loading!," October 27, 2010", 12 years
211,Eric Gordon, TheofficialEG10 , officialeg10, Shooting Guard and Small Forward , Right," December 25, 1988 ",Loading!," October 29, 2008", 14 years
212,Bones Hyland, BizzyBones11,N/A, Point Guard and Shooting Guard , Right," September 14, 2000 ",Loading!," October 25, 2021", 1 year
213,Kawhi Leonard, kawhileonard,N/A, Small Forward , Right," June 29, 1991 ",Loading!," December 26, 2011", 10 years
214,Terance Mann, terance_mann , terance, Shooting Guard and Small Forward , Right," October 18, 1996 ",Loading!," October 24, 2019", 3 years
215,Xavier Moon, xavier_moon , xmoon02, Shooting Guard , Right," January 2, 1995 ",Loading!," December 27, 2021", 1 year
216,Marcus Morris, MookMorris2 , foestar13, Power Forward and Small Forward , Right," September 2, 1989 ",Loading!," December 26, 2011", 11 years
217,Mason Plumlee, masonplumlee , masonplumlee, Center , Right Left," March 5, 1990 ",Loading!," November 3, 2013", 9 years
218,Norman Powell, npowell2404 , normanpowell4, Shooting Guard and Small Forward , Right," May 25, 1993 ",Loading!," November 1, 2015", 7 years
219,Jason Preston, Treballjay11 , jasonpreston0, Point Guard , Right," August 10, 1999 ",Loading!," October 23, 2022", Rookie
220,Russell Westbrook, russwest44 , russwest44, Point Guard , Right," November 12, 1988 ",Loading!," October 29, 2008", 14 years
221,Ivica Zubac, ivicazubac , ivicazubac, Center , Right," March 18, 1997 ",Loading!," November 2, 2016", 6 years
222,Mo Bamba, TheRealMoBamba , therealmobamba, Center , Right," May 12, 1998 ",Loading!," October 17, 2018", 4 years
223,Malik Beasley, Mb5Malik , mbeasy5, Shooting Guard , Right," November 26, 1996 ",Loading!," November 5, 2016", 6 years
224,Troy Brown Jr., Troy_Brown33 , troybrown.jr, Small Forward , Right," July 28, 1999 ",Loading!," October 24, 2018", 4 years
225,Max Christie, Max12Christie , mchristiejr, Shooting Guard , Right," February 10, 2003 ",Loading!," October 18, 2022", Rookie
226,Anthony Davis, AntDavis23 , antdavis23, Power Forward and Center , Right," March 11, 1993 ",Loading!," October 31, 2012", 10 years
227,Wenyen Gabriel, WenyenGabriel , wenyengabriel, Power Forward , Right," March 26, 1997 ",Loading!," October 23, 2019", 3 years
228,Rui Hachimura, rui_8mura , rui_8mura, Power Forward , Right," February 8, 1998 ",Loading!," October 23, 2019", 3 years
229,Shaquille Harrison, ShaqHarrison_3 , shaqharrison_3, Shooting Guard and Point Guard , Left," October 6, 1993 ",Loading!," February 23, 2018", 5 years
230,LeBron James, KingJames , kingjames," Small Forward, Power Forward, Point Guard, Center, and Shooting Guard ", Right," December 30, 1984 ",Loading!," October 29, 2003", 19 years
231,Scotty Pippen Jr., spippenjr , spippenjr, Point Guard , Right," November 10, 2000 ",Loading!," October 18, 2022", Rookie
232,Austin Reaves,N/A, austinreaves12, Shooting Guard , Right," May 29, 1998 ",Loading!," October 22, 2021", 1 year
233,D'Angelo Russell, Dloading , dloading, Point Guard , Left," February 23, 1996 ",Loading!," October 28, 2015", 7 years
234,Dennis Schröder, DennisMike93 , ds17_fg, Point Guard and Shooting Guard , Right," September 15, 1993 ",Loading!," October 30, 2013", 9 years
235,Cole Swider, coleswider21 , coleswider, Small Forward , Right," May 8, 1999 ",Loading!," October 18, 2022", Rookie
236,Tristan Thompson, RealTristan13 , realtristan13, Power Forward and Center , Left Right," March 13, 1991 ",Loading!," December 26, 2011",N/A
237,Jarred Vanderbilt, JVando , jvando_, Power Forward , Left," April 3, 1999 ",Loading!," January 25, 2019", 4 years
238,Lonnie Walker IV, lonniewalker_4 , buddah, Shooting Guard , Right," December 14, 1998 ",Loading!," January 3, 2019", 4 years
239,Steven Adams, RealStevenAdams , stevenadams, Center , Right," July 20, 1993 ",Loading!," October 30, 2013", 9 years
240,Santi Aldama, santialdama , santialdama, Power Forward , Right," January 10, 2001 ",Loading!," October 27, 2021", 1 year
241,Desmond Bane, DBane0625 , _dbane1, Shooting Guard , Right," June 25, 1998 ",Loading!," December 23, 2020", 2 years
242,Dillon Brooks, dillonbrooks24 , dillonbrooks24, Small Forward and Shooting Guard , Right," January 22, 1996 ",Loading!," October 18, 2017", 5 years
243,Brandon Clarke, brandonclarke23 , brandon_clarke23, Power Forward , Right," September 19, 1996 ",Loading!," October 23, 2019", 3 years
244,Jacob Gilyard, G1LYARD , jgilyy, Point Guard , Right," July 14, 1998 ",Loading!," April 9, 2023", Rookie
245,Jaren Jackson Jr., jarenjacksonjr , jaren, Center and Power Forward , Right," September 15, 1999 ",Loading!," October 17, 2018", 4 years
246,Tyus Jones, 1Tyus , 1tyus, Point Guard , Right," May 10, 1996 ",Loading!," November 10, 2015", 7 years
247,Luke Kennard, LukeKennard5 , lukekennard5, Shooting Guard , Left," June 24, 1996 ",Loading!," October 20, 2017", 5 years
248,John Konchar, konchjitty55 , konchar, Shooting Guard , Right," March 22, 1996 ",Loading!," November 9, 2019", 3 years
249,Jake LaRavia, jacob_laravia3 , jakelaravia, Power Forward , Right," November 3, 2001 ",Loading!," October 19, 2022", Rookie
250,Kenneth Lofton Jr., itzjunior35 , itzjunior35, Power Forward , Left," August 14, 2002 ",Loading!," October 22, 2022", Rookie
251,Ja Morant, JaMorant , jamorant, Point Guard , Right," August 10, 1999 ",Loading!," October 23, 2019", 3 years
252,David Roddy, droddy22 , droddy22, Power Forward , Right," March 27, 2001 ",Loading!," October 19, 2022", Rookie
253,Xavier Tillman Sr., Rookiedunker , xavier_tillman23, Power Forward , Right," January 12, 1999 ",Loading!," January 3, 2021", 2 years
254,Vince Williams Jr., Vincentwiliams , aplus_vince, Shooting Guard , Left," August 30, 2000 ",Loading!," October 22, 2022", Rookie
255,Ziaire Williams, therealZiaire , ziaire, Small Forward , Right," September 12, 2001 ",Loading!," October 20, 2021", 1 year
256,Bam Adebayo, Bam1of1 , Bam1of1, Center and Power Forward , Right," July 18, 1997 ",Loading!," October 18, 2017", 5 years
257,Jimmy Butler, JimmyButler , jimmybutler, Small Forward and Shooting Guard , Right," September 14, 1989 ",Loading!," January 1, 2012", 11 years
258,Jamal Cain, jamalcain24 , jamalcain1_, Small Forward , Right," March 20, 1999 ",Loading!," November 12, 2022", Rookie
259,Udonis Haslem, ThisIsUD , ud40, Power Forward and Center , Right," June 9, 1980 ",Loading!," October 28, 2003", 19 years
260,Tyler Herro, raf_tyler , nolimitherro, Shooting Guard , Right," January 20, 2000 ",Loading!," October 23, 2019", 3 years
261,Haywood Highsmith, haywood24_7 , haywoodjr24, Small Forward , Right," December 9, 1996 ",Loading!," January 8, 2019", 2 years
262,Nikola Jović, Jovic_5 , nikolajovicc, Power Forward , Right," June 9, 2003 ",Loading!," October 26, 2022", Rookie
263,Kevin Love, kevinlove , kevinlove, Power Forward and Center , Right," September 7, 1988 ",Loading!," October 29, 2008", 14 years
264,Kyle Lowry, Klow7 , kyle_lowry7, Point Guard , Right," March 25, 1986 ",Loading!," November 1, 2006", 16 years
265,Caleb Martin, Calebmartin14 , caleb_martin10, Small Forward and Power Forward , Right," September 28, 1995 ",Loading!," October 25, 2019", 3 years
266,Victor Oladipo, VicOladipo , vicoladipo, Shooting Guard and Point Guard , Right," May 4, 1992 ",Loading!," October 29, 2013", 9 years
267,Duncan Robinson, D_Bo20 , d_bo20, Small Forward and Shooting Guard , Right," April 22, 1994 ",Loading!," October 24, 2018", 4 years
268,Orlando Robinson, lamon_legend , lamon_legend, Center , Right," July 10, 2000 ",Loading!," November 18, 2022", Rookie
269,Max Strus,N/A, maxstrus, Small Forward , Right," March 28, 1996 ",Loading!," November 22, 2019", 3 years
270,Gabe Vincent, iamgabevincent2 , iamgabevincent2, Point Guard , Right," June 14, 1996 ",Loading!," January 27, 2020", 3 years
271,Omer Yurtseven, OmerYurtseven5 , omeryurtseven, Center , Right," June 19, 1998 ",Loading!," October 21, 2021", 1 year
272,Cody Zeller, CodyZeller , codyzeller, Center , Right," October 5, 1992 ",Loading!," October 30, 2013", 9 years
273,Grayson Allen, GraysonJAllen , graysonjallen, Shooting Guard , Right," October 8, 1995 ",Loading!," October 22, 2018", 4 years
274,Giannis Antetokounmpo, Giannis_An34 , Giannis_An34," Power Forward, Small Forward, Point Guard, and Shooting Guard ", Right," December 6, 1994 ",Loading!," October 30, 2013", 9 years
275,Thanasis Antetokounmpo, Thanasis_ante43 , thanasis_ante43, Small Forward , Right," July 18, 1992 ",Loading!," January 29, 2016", 4 years
276,MarJon Beauchamp, Marjon32 , justmarjon, Small Forward , Right," October 12, 2000 ",Loading!," October 22, 2022", Rookie
277,Jevon Carter, nextlevel_03 , nexylevel_03, Point Guard , Right," September 14, 1995 ",Loading!," December 15, 2018", 4 years
278,Pat Connaughton, pconnaughton , patconnaughton, Shooting Guard and Small Forward , Right," January 6, 1993 ",Loading!," October 30, 2015", 7 years
279,Jae Crowder, CJC9BOSS , bossmann99, Small Forward and Power Forward , Right," July 6, 1990 ",Loading!," October 30, 2012", 10 years
280,Goran Dragić, Goran_Dragic , the_1_dragon, Point Guard and Shooting Guard , Left," May 6, 1986 ",Loading!," October 29, 2008", 14 years
281,A.J. Green,N/A, aj_green4, Shooting Guard , Right," September 27, 1999 ",Loading!," October 22, 2022", Rookie
282,Jrue Holiday, Jrue_Holiday11 , jrue_holiday11, Point Guard and Shooting Guard , Right," June 12, 1990 ",Loading!," October 30, 2009", 13 years
283,Joe Ingles, Joeingles7 , joeingles7, Small Forward and Power Forward , Left," October 2, 1987 ",Loading!," October 29, 2014", 8 years
284,Meyers Leonard, MeyersLeonard , meyersleonard, Center and Power Forward , Right," February 27, 1992 ",Loading!," October 31, 2012", 9 years
285,Brook Lopez, RealBrookLopez,N/A, Center , Right," April 1, 1988 ",Loading!," October 29, 2008", 14 years
286,Wesley Matthews, WessyWes23 , wessywes23, Shooting Guard and Small Forward , Right," October 14, 1986 ",Loading!," October 28, 2009", 13 years
287,Khris Middleton, Khris22m , k_mid22, Small Forward and Shooting Guard , Right," August 12, 1991 ",Loading!," November 10, 2012", 10 years
288,Bobby Portis, BPortistime , bportistime, Power Forward and Center , Right," February 10, 1995 ",Loading!," November 3, 2015", 7 years
289,Lindell Wigginton, Lwigginton5 , rnstmojo, Point Guard , Right," March 28, 1998 ",Loading!," January 13, 2022", 1 year
290,Nickeil Alexander-Walker, NickeilAW , nickeilaw, Shooting Guard , Right," September 2, 1998 ",Loading!," October 22, 2019", 3 years
291,Kyle Anderson, KyleAnderson5 , teamslowmo, Small Forward and Power Forward , Right," September 20, 1993 ",Loading!," November 6, 2014", 8 years
292,Mike Conley, mconley11 , mac10, Point Guard , Left," October 11, 1987 ",Loading!," November 7, 2007", 15 years
293,Anthony Edwards, theantedwards_ , theanthonyedwards_, Shooting Guard , Right," August 5, 2001 ",Loading!," December 23, 2020", 2 years
294,Luka Garza, LukaG_55 , lgarza_55, Center , Right," December 27, 1998 ",Loading!," October 23, 2021", 1 year
295,Rudy Gobert, rudygobert27 , rudygobert27, Center , Right," June 26, 1992 ",Loading!," October 30, 2013", 9 years
296,Nathan Knight, nateknght , nateknght, Power Forward , Right," September 20, 1997 ",Loading!," December 23, 2020", 2 years
297,Jaden McDaniels, Jmcdaniels7 , therealjadenmcdaniels, Power Forward and Small Forward , Right," September 29, 2000 ",Loading!," December 27, 2020", 2 years
298,Jordan McLaughlin, itsmclaughlin11 , itsmclaughlin11, Point Guard , Right," April 9, 1996 ",Loading!," November 6, 2019", 3 years
299,Josh Minott, joshminott , jday.8, Small Forward , Right," November 25, 2002 ",Loading!," November 28, 2022", Rookie
300,Wendell Moore Jr., thewendellmoore , thewendellmoore, Shooting Guard , Right," September 18, 2001 ",Loading!," October 23, 2022", Rookie
301,Jaylen Nowell, JaylenNowell , jaylennowell, Shooting Guard , Right," July 9, 1999 ",Loading!," November 6, 2019", 3 years
302,Taurean Prince, taureanprince , taureanprince, Power Forward and Small Forward , Right," March 22, 1994 ",Loading!," October 27, 2016", 6 years
303,Naz Reid, NazReid , hollywood.naz, Center , Right," August 26, 1999 ",Loading!," December 8, 2019", 3 years
304,Austin Rivers, AustinRivers25 , austinjrivers, Shooting Guard and Point Guard , Right," August 1, 1992 ",Loading!," October 31, 2012", 10 years
305,Matt Ryan, Matt_Ryan04 , matt_ryan32, Small Forward , Right," April 17, 1997 ",Loading!," April 10, 2022", 1 year
306,Karl-Anthony Towns, KarlTowns , karltowns, Center and Power Forward , Right," November 15, 1995 ",Loading!," October 28, 2015", 7 years
307,Jose Alvarado, AlvaradoJose15 , realrytejose, Point Guard , Right," April 12, 1998 ",Loading!," November 3, 2021", 1 year
308,Dyson Daniels, DysonDaniels , dysondanielss11, Point Guard , Right," March 17, 2003 ",Loading!," October 19, 2022", Rookie
309,Jaxson Hayes, hayes_jaxson , jaxsonhayes, Center , Right," May 23, 2000 ",Loading!," October 28, 2019", 3 years
310,Willy Hernangómez, willyhg94 , willyhernangomez, Center , Right," May 27, 1994 ",Loading!," October 25, 2016", 6 years
311,Brandon Ingram, B_Ingram13 , 1ngram4, Small Forward and Power Forward , Right," September 2, 1997 ",Loading!," October 26, 2016", 6 years
312,Herbert Jones, _hoopinglife , yung.ch0, Small Forward and Power Forward , Left," October 6, 1998 ",Loading!," October 20, 2021", 1 year
313,Kira Lewis Jr., kiralewisjr , kiralewis2, Point Guard , Right," April 6, 2001 ",Loading!," December 29, 2020", 2 years
314,E.J. Liddell, EasyE2432 , ejliddell, Power Forward , Right," December 18, 2000 ",Loading!,N/A, Rookie
315,Naji Marshall, MarshallNaji , najimarshall, Small Forward , Right," January 24, 1998 ",Loading!," January 15, 2021", 2 years
316,CJ McCollum, CJMcCollum , 3jmccollum, Shooting Guard , Right," September 19, 1991 ",Loading!," January 8, 2014", 9 years
317,Trey Murphy III, treymurphy , treymurphy, Small Forward , Right," June 18, 2000 ",Loading!," October 20, 2021", 1 year
318,Larry Nance Jr., Larrydn22 , larrydn7, Power Forward and Center , Right," January 1, 1993 ",Loading!," November 6, 2015", 7 years
319,Josh Richardson, J_Rich1 , jrich_0, Shooting Guard and Small Forward , Right," September 15, 1993 ",Loading!," November 5, 2015", 7 years
320,Dereon Seabron, DBSeabron1 , dereonseabron1, Shooting Guard , Right," May 26, 2000 ",Loading!," October 28, 2022", Rookie
321,Garrett Temple, GTemp17 , gtemp17," Shooting Guard, Small Forward, and Point Guard ", Right," May 8, 1986 ",Loading!," February 9, 2010", 12 years
322,Jonas Valančiūnas, JValanciunas , jvalanciunas, Center , Right," May 6, 1992 ",Loading!," October 31, 2012", 10 years
323,Zion Williamson, Zionwilliamson , zionwilliamson, Power Forward , Left," July 6, 2000 ",Loading!," January 22, 2020", 2 years
324,RJ Barrett, RjBarrett6 , rjbarrett, Shooting Guard and Small Forward , Left," June 14, 2000 ",Loading!," October 23, 2019", 3 years
325,Jalen Brunson, jalenbrunson1 , jalenbrunson1, Point Guard and Shooting Guard , Left," August 31, 1996 ",Loading!," October 17, 2018", 4 years
326,Evan Fournier, EvanFourmizz , evanfournier10, Shooting Guard and Small Forward , Right," October 29, 1992 ",Loading!," October 31, 2012", 10 years
327,Quentin Grimes, qdotgrimes , qdotgrimes, Shooting Guard , Right," May 8, 2000 ",Loading!," October 20, 2021", 1 year
328,Josh Hart, joshhart , jhart, Shooting Guard and Small Forward , Right," March 6, 1995 ",Loading!," October 20, 2017", 5 years
329,Isaiah Hartenstein, Ipjh55 , ipjh55, Center and Power Forward , Left," May 5, 1998 ",Loading!," October 17, 2018", 4 years
330,DaQuan Jeffries, daquanjeffries2 , daquanjeffries2, Shooting Guard , Right," August 30, 1997 ",Loading!," November 15, 2019", 3 years
331,Trevor Keels, TrevorKeels , trevorkeels, Shooting Guard , Right," August 26, 2003 ",Loading!," October 21, 2022", Rookie
332,Miles McBride, deucemcb11 , deucemcb11, Point Guard , Right," September 8, 2000 ",Loading!," October 22, 2021", 1 year
333,Immanuel Quickley, IQ_GodSon , immanuelquickley__, Point Guard , Right," June 17, 1999 ",Loading!," December 23, 2020", 2 years
334,Julius Randle, J30_RANDLE , juliusrandle30, Power Forward and Center , Left," November 29, 1994 ",Loading!," October 28, 2014", 8 years
335,Mitchell Robinson, 23savage____ , mrobinson23_, Center , Right," April 1, 1998 ",Loading!," October 17, 2018", 4 years
336,Isaiah Roby, roby_isaiah , zayro, Power Forward , Right," February 3, 1998 ",Loading!," January 29, 2020", 3 years
337,Derrick Rose, drose , drose, Point Guard , Right," October 4, 1988 ",Loading!," October 28, 2008", 13 years
338,Jericho Sims,N/A, jumpmansims, Center and Power Forward , Right," October 20, 1998 ",Loading!," October 20, 2021", 1 year
339,Obi Toppin, obitoppin1 , obitoppin_1, Power Forward , Right," March 4, 1998 ",Loading!," December 23, 2020", 2 years
340,Duane Washington Jr., dwizthekid4 , dwizthekid, Shooting Guard and Point Guard , Right," March 24, 2000 ",Loading!," October 29, 2021", 1 year
341,Jared Butler, J_Hooper11 , _xjaredx_, Shooting Guard , Right," August 25, 2000 ",Loading!," October 20, 2021", 1 year
342,Ousmane Dieng, ousmane1121 , ousmane11_, Small Forward , Right," May 21, 2003 ",Loading!," October 19, 2022", Rookie
343,Luguentz Dort, luthebeast , luthebeast, Shooting Guard and Small Forward , Right," April 19, 1999 ",Loading!," December 6, 2019", 3 years
344,Josh Giddey, joshgiddey , joshgiddey, Shooting Guard and Small Forward , Right," October 10, 2002 ",Loading!," October 20, 2021", 1 year
345,Shai Gilgeous-Alexander, shaiglalex , shai, Point Guard and Shooting Guard , Right," July 12, 1998 ",Loading!," October 17, 2018", 4 years
346,Chet Holmgren, ChetHolmgren , chet_holmgren, Power Forward , Right," May 1, 2002 ",Loading!,N/A, Rookie
347,Isaiah Joe, zai_joe1 , zai.joe1, Shooting Guard , Right," July 2, 1999 ",Loading!," December 27, 2020", 2 years
348,Tre Mann, tre2mann3 , treshaunmann, Point Guard , Right," February 3, 2001 ",Loading!," October 20, 2021", 1 year
349,Aleksej Pokusevski, aleksejpokusevs , 17_poku, Power Forward , Right," December 26, 2001 ",Loading!," December 26, 2020", 2 years
350,Jeremiah Robinson-Earl, ThisIsJRE , jeremiah, Power Forward and Center , Right," November 3, 2000 ",Loading!," October 20, 2021", 1 year
351,Dario Šarić, dariosaric , megalodon20, Power Forward and Center , Right," April 8, 1994 ",Loading!," October 26, 2016", 5 years
352,Olivier Sarr, sarr_olivier , olivier_sarr, Center , Right," February 20, 1999 ",Loading!," December 28, 2021", 1 year
353,Lindy Waters III, LindyWatersIII,N/A, Shooting Guard , Right," July 28, 1997 ",Loading!," February 11, 2022", 1 year
354,Aaron Wiggins, Aaron_Wiggins_ , a.wigg, Shooting Guard , Right," January 2, 1999 ",Loading!," November 14, 2021", 1 year
355,Jalen Williams, JdubPSCEO , jalenjdubwilliams, Shooting Guard , Right," April 14, 2001 ",Loading!," October 19, 2022", Rookie
356,Jaylin Williams, Jay_MWilliams_ , thejaylinwilliams_, Power Forward , Right," June 29, 2002 ",Loading!," October 23, 2022", Rookie
357,Kenrich Williams, williamskenrich , kenrich_williams, Power Forward and Small Forward , Right," December 2, 1994 ",Loading!," October 17, 2018", 4 years
358,Cole Anthony, The_ColeAnthony , the_cole.anthony, Point Guard , Right," May 15, 2000 ",Loading!," December 23, 2020", 2 years
359,Paolo Banchero, Pp_doesit , paolo5, Power Forward , Right," November 12, 2002 ",Loading!," October 19, 2022", Rookie
360,Goga Bitadze, GogaBiitadze , gogabitadaze, Center , Right," July 20, 1999 ",Loading!," October 26, 2019", 3 years
361,Bol Bol, BolBol , bolbol, Power Forward , Right," November 16, 1999 ",Loading!," August 1, 2020", 3 years
362,Wendell Carter Jr., wendellcarter34 , wendellcarterjr, Center and Power Forward , Right," April 16, 1999 ",Loading!," October 18, 2018", 4 years
363,Michael Carter-Williams, mcarterwilliams , mcarterwilliams, Point Guard and Shooting Guard , Right," October 10, 1991 ",Loading!," October 30, 2013", 8 years
364,Markelle Fultz, MarkelleF , markellefultz, Point Guard and Shooting Guard , Right," May 29, 1998 ",Loading!," October 18, 2017", 5 years
365,Gary Harris, thats_G_ , thats_g_, Shooting Guard , Right," September 14, 1994 ",Loading!," November 14, 2014", 8 years
366,Kevon Harris, _kevonn22,N/A, Shooting Guard , Right," June 24, 1997 ",Loading!," October 21, 2022", Rookie
367,Caleb Houstan, CalebHoustan , _calebhoustan_, Small Forward , Right," January 9, 2003 ",Loading!," October 19, 2022", Rookie
368,Jonathan Isaac, JJudahIsaac , jonisaac_01, Power Forward , Right," October 3, 1997 ",Loading!," October 18, 2017", 3 years
369,Chuma Okeke, chuma_okeke , chumaokeke_, Power Forward and Small Forward , Right," August 18, 1998 ",Loading!," December 23, 2020", 2 years
370,Admiral Schofield, admiralelite15 , uncle_scho, Power Forward and Small Forward , Right," March 30, 1997 ",Loading!," October 23, 2019", 2 years
371,Jay Scrubb, jayscrubb , jayscrubb, Shooting Guard , Left," September 1, 2000 ",Loading!," May 11, 2021", 2 years
372,Jalen Suggs, jalensuggs , jalensuggs, Point Guard , Right," June 3, 2001 ",Loading!," October 20, 2021", 1 year
373,Franz Wagner, franzboogie , franz_weasley, Small Forward , Right," August 27, 2001 ",Loading!," October 20, 2021", 1 year
374,Moritz Wagner, moritz_weasley , moritz_weasley, Center , Right," April 26, 1997 ",Loading!," November 17, 2018", 4 years
375,Dewayne Dedmon, d_dedmon3 , d_dedmon3, Center , Right," August 12, 1989 ",Loading!," November 18, 2013", 9 years
376,Joel Embiid, JoelEmbiid , joelmbiid, Center , Right," March 16, 1994 ",Loading!," October 26, 2016", 6 years
377,James Harden, JHarden13 , jharden13, Shooting Guard and Point Guard , Left," August 26, 1989 ",Loading!," October 28, 2009", 13 years
378,Montrezl Harrell, MONSTATREZZ , trezz24, Center and Power Forward , Right," January 26, 1994 ",Loading!," October 28, 2015", 7 years
379,Tobias Harris, tobias31 , tobiasharris, Power Forward and Small Forward , Right," July 15, 1992 ",Loading!," January 7, 2012", 11 years
380,Danuel House Jr., DanuelHouseJr , dk2house, Small Forward and Shooting Guard , Right," June 7, 1993 ",Loading!," November 11, 2016", 6 years
381,Louis King, LouisKing , louking, Small Forward , Right," April 6, 1999 ",Loading!," December 26, 2019", 3 years
382,Furkan Korkmaz, FurkanKorkmaz , furkankorkmaz, Shooting Guard , Right," July 24, 1997 ",Loading!," November 11, 2017", 5 years
383,Tyrese Maxey, TyreseMaxey , tyresemaxey, Shooting Guard and Point Guard , Right," November 4, 2000 ",Loading!," December 23, 2020", 2 years
384,Mac McClung, McclungMac , macmcclung37, Shooting Guard and Point Guard , Right," January 6, 1999 ",Loading!," December 29, 2021", 1 year
385,Jalen McDaniels, jalenmcdaniels5 , jalenmcdaniels, Small Forward , Right," January 31, 1998 ",Loading!," October 25, 2019", 3 years
386,De'Anthony Melton, DeAnthonyMelton , deanthonymelton, Point Guard and Shooting Guard , Right," May 28, 1998 ",Loading!," October 22, 2018", 4 years
387,Shake Milton, SniperShake , snipershake, Shooting Guard , Right," September 26, 1996 ",Loading!," November 30, 2018", 4 years
388,Georges Niang, GeorgesNiang20 , georgesniang, Power Forward , Right," June 17, 1993 ",Loading!," October 28, 2016", 6 years
389,Paul Reed, Bball_paul , bball_paul, Center and Power Forward , Right," June 14, 1999 ",Loading!," January 4, 2021", 2 years
390,Jaden Springer, JadenSpringer11 , jaden, Shooting Guard , Right," September 25, 2002 ",Loading!," October 20, 2021", 1 year
391,P.J. Tucker,N/A, pjtucker," Power Forward, Small Forward, and Shooting Guard ", Right," May 5, 1985 ",Loading!," November 1, 2006", 11 years
392,Deandre Ayton, DeandreAyton , deandreayton, Center , Right," July 23, 1998 ",Loading!," October 17, 2018", 4 years
393,Darius Bazley, BazleyDarius , dariusbazley, Power Forward , Left," June 12, 2000 ",Loading!," October 23, 2019", 3 years
394,Bismack Biyombo, bismackbiyombo , bismackbiyombo, Center , Right," August 28, 1992 ",Loading!," December 26, 2011", 11 years
395,Devin Booker, DevinBook , dbook, Shooting Guard , Right," October 30, 1996 ",Loading!," October 28, 2015", 7 years
396,Torrey Craig, TCraig_23 , tcraig3_, Small Forward , Right," December 19, 1990 ",Loading!," November 28, 2017", 5 years
397,Kevin Durant, KDTrey5 , easymoneysniper," Small Forward, Power Forward, and Shooting Guard ", Right," September 29, 1988 ",Loading!," October 31, 2007", 14 years
398,Jock Landale, JockLandale , jocklandale, Center , Right," October 25, 1995 ",Loading!," October 20, 2021", 1 year
399,Damion Lee, Dami0nLee , dami0nlee, Shooting Guard , Right," October 21, 1992 ",Loading!," March 13, 2018", 5 years
400,Saben Lee, SabenLee , _sabenlee, Point Guard , Right," June 23, 1999 ",Loading!," January 6, 2021", 2 years
401,Josh Okogie, CallMe_NonStop , callme_nonstop, Shooting Guard , Right," September 1, 1998 ",Loading!," October 20, 2018", 4 years
402,Chris Paul, CP3 , cp3, Point Guard , Right," May 6, 1985 ",Loading!," November 1, 2005", 17 years
403,Cameron Payne, campayne , smoothcp1, Point Guard and Shooting Guard , Left," August 8, 1994 ",Loading!," November 1, 2015", 7 years
404,Terrence Ross, TerrenceRoss , terrence, Shooting Guard and Small Forward , Right," February 5, 1991 ",Loading!," October 31, 2012", 10 years
405,Landry Shamet, landryshamet , landryshamet, Shooting Guard , Right," March 13, 1997 ",Loading!," October 16, 2018", 4 years
406,Ish Wainright, Wainright24 , mailman24, Small Forward and Power Forward , Right," September 12, 1994 ",Loading!," November 19, 2021", 1 year
407,T.J. Warren, TonyWarrenJr , t.warren1, Small Forward and Power Forward , Right," September 5, 1993 ",Loading!," November 9, 2014", 7 years
408,Ibou Badji, DiankoIbou , ibou_dianko_badji_, Center , Right," October 13, 2002 ",Loading!,N/A, Rookie
409,John Butler, john_e_butler , johnbutlerjr_, Center , Right," December 4, 2002 ",Loading!," November 5, 2022", Rookie
410,Chance Comanche,N/A, noo2ndchances, Center , Right," April 14, 1996 ",Loading!," April 9, 2023", Rookie
411,Drew Eubanks, DrewEubanks12 , drewdatower, Center and Power Forward , Right," February 1, 1997 ",Loading!," October 20, 2018", 4 years
412,Jerami Grant, JeramiGrant , jeramigrant, Power Forward and Small Forward , Right," March 12, 1994 ",Loading!," November 29, 2014", 8 years
413,Keon Johnson, iamkeonjohnson , iamkeonjohnson, Shooting Guard , Right," March 10, 2002 ",Loading!," November 7, 2021", 1 year
414,Kevin Knox, KevKnox , kevinknox, Small Forward and Power Forward , Right," August 11, 1999 ",Loading!," October 17, 2018", 4 years
415,Damian Lillard, Dame_Lillard , damianlillard, Point Guard , Right," July 15, 1990 ",Loading!," October 31, 2012", 10 years
416,Nassir Little, 2ez_nassie , nassir, Small Forward and Power Forward , Right," February 11, 2000 ",Loading!," October 25, 2019", 3 years
417,Skylar Mays, skylarmays4 , skylarmays, Shooting Guard , Right," September 5, 1997 ",Loading!," December 23, 2020", 2 years
418,Jusuf Nurkić, bosnianbeast27 , bosnianbeast27, Center , Right," August 23, 1994 ",Loading!," October 29, 2014", 8 years
419,Cam Reddish, camreddish , camreddish, Small Forward , Right," September 1, 1999 ",Loading!," October 24, 2019", 3 years
420,Shaedon Sharpe, ShaedonSharpe , shaedonsharpe, Shooting Guard , Right," May 30, 2003 ",Loading!," October 19, 2022", Rookie
421,Anfernee Simons, AnferneeSimons , antsimons, Shooting Guard , Right," June 8, 1999 ",Loading!," October 30, 2018", 4 years
422,Matisse Thybulle, MatisseThybulle , theycallmetisse, Shooting Guard , Right," March 4, 1997 ",Loading!," October 23, 2019", 3 years
423,Jabari Walker, JabariWalker , jwalker52, Small Forward , Right," July 30, 2002 ",Loading!," October 24, 2022", Rookie
424,Trendon Watford, trendonw , trendonw, Power Forward and Small Forward , Right," November 9, 2000 ",Loading!," November 14, 2021", 1 year
425,Jeenathan Williams,N/A, natewill11, Shooting Guard , Left," February 12, 1999 ",Loading!," April 2, 2023", Rookie
426,Justise Winslow, IAmJustise , iamjustise," Small Forward, Power Forward, and Shooting Guard ", Left," March 26, 1996 ",Loading!," October 28, 2015", 7 years
427,Harrison Barnes, hbarnes , hbarnes, Power Forward and Small Forward , Right," May 30, 1992 ",Loading!," October 31, 2012", 10 years
428,Terence Davis, TerenceDavisJr , terencedavisjr, Shooting Guard , Right," May 16, 1997 ",Loading!," October 22, 2019", 3 years
429,Matthew Dellavedova, matthewdelly , matthewdelly, Point Guard and Shooting Guard , Right," September 8, 1990 ",Loading!," November 2, 2013", 8 years
430,PJ Dozier, Dozier_Kid , dozier_kid, Shooting Guard and Point Guard , Right," October 25, 1996 ",Loading!," February 8, 2018", 5 years
431,Kessler Edwards, KesslerEdwards , kessleredwards, Small Forward , Right," August 9, 2000 ",Loading!," November 16, 2021", 1 year
432,Keon Ellis, Tyrese_Ellis00 , kkeon4, Shooting Guard , Right," January 8, 2000 ",Loading!," November 17, 2022", Rookie
433,De'Aaron Fox, swipathefox , swipathefox, Point Guard , Left," December 20, 1997 ",Loading!," October 18, 2017", 5 years
434,Richaun Holmes, Rich_Holmes22 , rich_holmes22, Center and Power Forward , Right," October 15, 1993 ",Loading!," October 28, 2015", 7 years
435,Kevin Huerter, KevinHuerter , kevin_huerter, Shooting Guard and Small Forward , Right," August 27, 1998 ",Loading!," October 17, 2018", 4 years
436,Alex Len, alexlen , alexlen_25, Center , Right," June 16, 1993 ",Loading!," October 30, 2013", 9 years
437,Trey Lyles, TreyLyles , treylyles, Power Forward , Right," November 5, 1995 ",Loading!," October 28, 2015", 7 years
438,Chimezie Metu, Chimezie_Metu , mezie, Center and Power Forward , Right," March 22, 1997 ",Loading!," October 20, 2018", 4 years
439,Davion Mitchell, hoopculture13 , daaay____, Point Guard , Right," September 5, 1998 ",Loading!," October 20, 2021", 1 year
440,Malik Monk, AhmadMonk , ahmad_monk, Shooting Guard , Right," February 4, 1998 ",Loading!," October 18, 2017", 5 years
441,Keegan Murray, keegan3murray , _keeganmurray, Small Forward , Right," August 19, 2000 ",Loading!," October 22, 2022", Rookie
442,Neemias Queta, nemi1599 , neemy23, Center , Right," July 13, 1999 ",Loading!," December 17, 2021", 1 year
443,Domantas Sabonis, Dsabonis11 , dsabonis11, Power Forward and Center , Left," May 3, 1996 ",Loading!," October 26, 2016", 6 years
444,Dominick Barlow, Dominickbarlow_ , showtime.dominick, Small Forward , Right," May 26, 2003 ",Loading!," November 2, 2022", Rookie
445,Charles Bassey, CB_ONES23 , cb_ones23, Center , Right," October 28, 2000 ",Loading!," October 20, 2021", 1 year
446,Keita Bates-Diop, KBD_33 , keitabd, Small Forward and Power Forward , Right," January 23, 1996 ",Loading!," October 26, 2018", 4 years
447,Khem Birch, Khem_Birch , khembirch, Center , Right," September 28, 1992 ",Loading!," October 21, 2017", 5 years
448,Malaki Branham, MalakiBranham , malakibranham_, Small Forward , Right," May 12, 2003 ",Loading!," October 30, 2022", Rookie
449,Julian Champagnie, JulianChampagn2 , jujuchampagnie, Small Forward , Right," June 29, 2001 ",Loading!," November 22, 2022", Rookie
450,Zach Collins, zcollins_33 , zachcollins_33, Center and Power Forward , Right," November 19, 1997 ",Loading!," October 20, 2017", 4 years
451,Gorgui Dieng, GorguiDieng , gorguidieng, Center and Power Forward , Right," January 18, 1990 ",Loading!," November 1, 2013", 9 years
452,Devonte' Graham, Devonte4Graham , dtaegraham, Point Guard , Right," February 22, 1995 ",Loading!," October 22, 2018", 4 years
453,Keldon Johnson, imthe_truth32 , keldonjohnson, Small Forward , Right," October 11, 1999 ",Loading!," November 22, 2019", 3 years
454,Tre Jones, Tre3Jones , trejones03, Point Guard , Right," January 8, 2000 ",Loading!," December 30, 2020", 2 years
455,Romeo Langford, yeahyeah22 , yeahyeah22, Shooting Guard , Right," October 25, 1999 ",Loading!," October 30, 2019", 3 years
456,Sandro Mamukelashvili, Mamukelashvili5 , ma23mu, Center and Power Forward , Left," May 23, 1999 ",Loading!," October 19, 2021", 1 year
457,Doug McDermott, dougmcdermott , dougmcd03, Small Forward and Power Forward , Right," January 3, 1992 ",Loading!," October 29, 2014", 8 years
458,Jeremy Sochan, JeremySochan , jeremysochan, Power Forward , Right," May 20, 2003 ",Loading!," October 19, 2022", Rookie
459,Devin Vassell, Yvngdevo , devin_vassell, Small Forward and Shooting Guard , Right," August 23, 2000 ",Loading!," December 23, 2020", 2 years
460,Blake Wesley, blakewesley0 , blakewesley00, Shooting Guard , Right," March 16, 2003 ",Loading!," October 28, 2022", Rookie
461,Precious Achiuwa, PreciousAchiuwa , Precious, Center and Power Forward , Right," September 19, 1999 ",Loading!," December 23, 2020", 2 years
462,OG Anunoby,N/A, oanunoby, Small Forward , Right," July 17, 1997 ",Loading!," October 19, 2017", 5 years
463,Dalano Banton, DALANOBANTON , _dubberdon, Point Guard , Right," November 7, 1999 ",Loading!," October 20, 2021", 1 year
464,Scottie Barnes, ScottBarnes561 , ya.boy.scottie, Power Forward , Right," August 1, 2001 ",Loading!," October 20, 2021", 1 year
465,Will Barton, WillTheThrillB5,N/A, Shooting Guard and Small Forward , Right," January 6, 1991 ",Loading!," November 2, 2012", 10 years
466,Chris Boucher, chrisboucher , slimmduck," Power Forward, Center, and Small Forward ", Right," January 11, 1993 ",Loading!," March 14, 2018", 5 years
467,Jeff Dowtin, JeffD_11,N/A, Point Guard , Right," May 10, 1997 ",Loading!," November 3, 2021", 1 year
468,Malachi Flynn, malachiflynn , malachiflynn, Point Guard , Right," May 10, 1998 ",Loading!," December 23, 2020", 2 years
469,Ron Harper Jr., __RHJR , ron.harper.jr, Small Forward , Right," April 12, 2000 ",Loading!," October 31, 2022", Rookie
470,Christian Koloko, kolokojunior1 , cjkoloko, Center , Right," June 20, 2000 ",Loading!," October 19, 2022", Rookie
471,Jakob Poeltl, JakobPoeltl , jakob, Center , Right," October 15, 1995 ",Loading!," October 26, 2016", 6 years
472,Otto Porter Jr., OttoPorter,N/A, Small Forward and Power Forward , Right," June 3, 1993 ",Loading!," December 6, 2013", 9 years
473,Pascal Siakam, pskills43 , pskills43, Power Forward and Center , Right," April 2, 1994 ",Loading!," October 26, 2016", 6 years
474,Gary Trent Jr., gtrentjr , gtrentjr, Shooting Guard and Small Forward , Right," January 18, 1999 ",Loading!," November 4, 2018", 4 years
475,Fred VanVleet, FredVanVleet , fredvanvleet, Point Guard and Shooting Guard , Right," February 25, 1994 ",Loading!," November 9, 2016", 6 years
476,Joe Wieskamp, JWieskamp21 , wiesy10, Small Forward and Shooting Guard , Right," August 23, 1999 ",Loading!," November 10, 2021", 1 year
477,Thaddeus Young, yungsmoove21 , thad.young21, Power Forward , Left," June 21, 1988 ",Loading!," November 7, 2007", 15 years
478,Ochai Agbaji, youngoch , youngoch, Shooting Guard , Right," April 20, 2000 ",Loading!," October 19, 2022", Rookie
479,Udoka Azubuike, udoka35 , udoka_azubuike, Center , Right," September 17, 1999 ",Loading!," December 23, 2020", 2 years
480,Vernon Carey Jr., vernoncarey22 , vernon, Center , Left," February 25, 2001 ",Loading!," December 30, 2020", 2 years
481,Jordan Clarkson, JordanClarksons , jordanclarksons, Shooting Guard and Point Guard , Right," June 7, 1992 ",Loading!," October 28, 2014", 8 years
482,Kris Dunn, KrisDunn3 , krisdunn3, Point Guard , Right," March 18, 1994 ",Loading!," October 26, 2016", 6 years
483,Simone Fontecchio, simofonte13 , simofonte_, Small Forward , Right," December 9, 1995 ",Loading!," October 19, 2022", Rookie
484,Rudy Gay, RudyGay , rudygay, Small Forward and Power Forward , Right," August 17, 1986 ",Loading!," November 1, 2006", 16 years
485,Talen Horton-Tucker, Thortontucker , 5talen, Shooting Guard , Right," November 25, 2000 ",Loading!," December 8, 2019", 3 years
486,Damian Jones, dameology , dameology, Center , Right," June 30, 1995 ",Loading!," December 10, 2016", 6 years
487,Johnny Juzang, JohnnyJuzang , jsilky, Small Forward , Right," March 17, 2001 ",Loading!," February 28, 2023", Rookie
488,Walker Kessler, WalkerKessler13 , kidkessler, Center , Right," July 26, 2001 ",Loading!," October 19, 2022", Rookie
489,Lauri Markkanen, MarkkanenLauri , laurimarkkanen, Power Forward and Small Forward , Right," May 22, 1997 ",Loading!," October 19, 2017", 5 years
490,Kelly Olynyk, KellyOlynyk , kellyolynyk, Center and Power Forward , Right," April 19, 1991 ",Loading!," October 30, 2013", 9 years
491,Micah Potter, BigJam_23 , bigjam_23, Power Forward and Center , Right," April 6, 1998 ",Loading!," January 1, 2022", 1 year
492,Luka Šamanić, SamanicLuka , lukasamanic9, Power Forward , Right," January 9, 2000 ",Loading!," March 6, 2020", 2 years
493,Collin Sexton, CollinSexton02 , collinyoungbull, Shooting Guard and Point Guard , Right," January 4, 1999 ",Loading!," October 17, 2018", 4 years
494,Juan Toscano-Anderson, juanonjuan10 , juanonjuan10, Small Forward and Shooting Guard , Right," April 10, 1993 ",Loading!," February 8, 2020", 3 years
495,Deni Avdija,N/A, deniavdia8, Small Forward , Right," January 3, 2001 ",Loading!," December 23, 2020", 2 years
496,Bradley Beal, RealDealBeal23 , bradbeal3, Shooting Guard , Right," June 28, 1993 ",Loading!," October 30, 2012", 10 years
497,Xavier Cooks, xaviercooks10 , xaviercooks, Power Forward , Right," August 19, 1995 ",Loading!," March 18, 2023", Rookie
498,Johnny Davis, JohnnyDavis , johnnydavis, Shooting Guard , Right," February 27, 2002 ",Loading!," October 25, 2022", Rookie
499,Daniel Gafford, Dan_G33 , big.dandan, Center and Power Forward , Right," October 1, 1998 ",Loading!," October 26, 2019", 3 years
500,Taj Gibson, TajGibson , tajgibson, Power Forward and Center , Right," June 24, 1985 ",Loading!," October 29, 2009", 13 years
501,Anthony Gill,N/A, anthonygill.13, Power Forward , Right," October 17, 1992 ",Loading!," December 29, 2020", 2 years
502,Jordan Goodwin, JGood_0 , jgood_0, Point Guard and Shooting Guard , Right," October 23, 1998 ",Loading!," December 28, 2021", 1 year
503,Jay Huff, jayhuff_ , jay.huff.142, Center , Right," August 25, 1998 ",Loading!," November 6, 2021", 1 year
504,Quenton Jackson, _flyguyq , flyguyq, Point Guard , Right," September 15, 1998 ",Loading!," February 11, 2023", Rookie
505,Corey Kispert, corey_kispert , ckis24, Small Forward , Right," March 3, 1999 ",Loading!," October 22, 2021", 1 year
506,Kyle Kuzma, kylekuzma , kuz, Power Forward and Small Forward , Right," July 24, 1995 ",Loading!," October 19, 2017", 5 years
507,Monte Morris, BigGameTae , biggametae, Point Guard , Right," June 27, 1995 ",Loading!," December 12, 2017", 5 years
508,Kendrick Nunn, nunnbetter_ , nunnbetter_, Point Guard and Shooting Guard , Left," August 3, 1995 ",Loading!," October 23, 2019", 2 years
509,Kristaps Porziņģis, kporzee , kporzee, Power Forward and Center , Right," August 2, 1995 ",Loading!," October 28, 2015", 6 years
510,Isaiah Todd, zaytodd , zaytodd, Power Forward , Right," October 17, 2001 ",Loading!," October 25, 2021", 1 year
511,Delon Wright, delonwright , delonwright, Point Guard and Shooting Guard , Right," April 26, 1992 ",Loading!," November 1, 2015", 7 years
